term,estimate,std.error,statistic,p.value
(Intercept),4.79669922966917,2.86699588781451,1.67307502953053,0.0943125265543433
average_control,-0.024242937008738,0.0547276033660349,-0.442974578049652,0.657784122788578
average_exposed,-0.0195764989226732,0.0535290649654851,-0.365717184398716,0.714576121860859
log10(length),-0.849386187690511,0.671517991865991,-1.26487480302689,0.205916211071666
