variable,SumSq,partialR2
avg_meth,811.75532891949,0.457376143850766
log10(CoV_Meth),36.3327284887782,0.0204713448249163
log2(avg_exp + 1),66.3662996859186,0.0373934868680121
log10(length),0.643379887907818,0.000362506535749027
as.factor(treatment),58.200633468134,0.0327926166382667
avg_meth:as.factor(treatment),3.21974828987136,0.00181413783750783
log2(avg_exp + 1):as.factor(treatment),8.04256867913553,0.00453151204318462
Residuals,790.248383480517,0.445258251401597
