coefficients.Estimate,coefficients.Std..Error,coefficients.t.value,coefficients.Pr...t..
0.160150630033683,0.00263193067274853,60.8491065862453,0
-0.00360478759816218,1.83929882790255e-05,-195.98705460346,0
0.133775239888442,0.00103806728173832,128.86952728577,0
-0.0599352792456127,0.000216852766720416,-276.386970533265,0
-0.00175493975222999,0.000699513382791678,-2.50880082554851,0.0121144821995416
0.0169264593158254,0.00118540709059977,14.2790265471259,3.01802637503662e-46
-0.0829940186616198,0.000571412346992909,-145.243656526466,0
