,coefficients.Estimate,coefficients.Std..Error,coefficients.t.value,coefficients.Pr...t..
(Intercept),0.129095620943456,0.00172008887422292,75.0517155700906,0
avg_meth,-0.00435659459640725,5.56072843328512e-05,-78.345753594615,0
log10(CoV_Meth),0.111782201748773,0.0029214060343669,38.2631515214889,9.43145033618581e-317
log2(avg_exp + 1),-0.0381656284236799,0.000798062173383981,-47.8228760822584,0
as.factor(treatment)exposed,-0.0256199304897656,0.0023157228125702,-11.0634702697126,2.00157697594715e-28
log2(avg_exp + 1):as.factor(treatment)exposed,-0.0345382962866292,0.000948705262271469,-36.4057180455969,2.96691928768229e-287
