variable,SumSq,partialR2
avg_meth,2879.73757975451,0.467268278152376
log10(CoV_Meth),139.326103641773,0.0226071531684218
poly(log2(avg_exp + 1), 2),468.272036466234,0.075982155361926
log10(length),0.610127468465373,9.89997191575999e-05
as.factor(treatment),130.815253292046,0.0212261765070454
avg_meth:as.factor(treatment),18.8877354253849,0.00306473745124012
poly(log2(avg_exp + 1), 2):as.factor(treatment),43.6513709424419,0.00708290265149932
Residuals,2481.62099780668,0.402669596988334
