variable,SumSq,partialR2
avg_meth,2879.73757975451,0.467268278152376
log10(CoV_Meth),139.326103641773,0.0226071531684218
log2(avg_exp + 1),312.29319132693,0.0506729164545906
as.factor(treatment),119.752618961154,0.0194311455528479
log2(avg_exp + 1):as.factor(treatment),54.8281597666195,0.00889645639537601
Residuals,2656.98355134655,0.431124050276388
