coefficients.Estimate,coefficients.Std..Error,coefficients.t.value,coefficients.Pr...t..
-0.163461929202676,0.00625797934793996,-26.1205606657181,6.70370608326005e-148
-0.0012771746089576,0.000103310646883288,-12.3624684143199,5.61210656211483e-35
0.173038051745544,0.00565154188285656,30.617848249597,3.33788766696025e-201
-0.0243254121871096,0.00219398146315788,-11.0873371519271,1.75244246723972e-28
0.00341676738331498,0.00481202576581036,0.710047607722978,0.477682959820372
0.000728836786019484,0.00010633620576775,6.85407929272316,7.38806584620523e-12
