variable,SumSq,partialR2
avg_meth,240.986608291492,0.160747918195935
log10(CoV_Meth),78.8110866146969,0.052570216220265
poly(log2(avg_exp + 1), 2),232.124307199812,0.154836401116156
log10(length),1.71283194384109,0.00114252891952782
as.factor(treatment),5.93181055988593,0.00395676010959482
avg_meth:as.factor(treatment),1.98195538950986,0.00132204525836373
poly(log2(avg_exp + 1), 2):as.factor(treatment),2.65381485436682,0.00177020298406339
Residuals,934.956087452811,0.623653927196094
