variable,SumSq,partialR2
avg_meth,240.986608291492,0.160747918195935
log10(CoV_Meth),78.8110866146969,0.052570216220265
log2(avg_exp + 1),6.93049992880403,0.00462292674066261
as.factor(treatment),3.42113935542925,0.00228203979110009
avg_meth:as.factor(treatment),2.76165359532637,0.00184213583225366
Residuals,1166.24751452067,0.777934763219783
