term,estimate,std.error,statistic,p.value
(Intercept),-8.48683298809483,0.236339559294005,-35.909489775841,2.17211487475254e-282
log10(length),1.44890999252027,0.0576093098014999,25.1506223128288,1.39121557398871e-139
log2(change_exp + 1),-0.210907211141255,0.018890316358129,-11.1648321363605,6.06055755756132e-29
