term,estimate,std.error,statistic,p.value
(Intercept),-8.48912152008976,0.236267619278688,-35.9301098728916,1.03505892580651e-282
DMLcount,-11.643343921991,118.188120481985,-0.0985153488735419,0.921523084606588
log10(length),1.44995738574985,0.0575929289609694,25.1759619090129,7.34582012000628e-140
log2(change_exp + 1),-0.210561765500591,0.0189167262785787,-11.1309833635977,8.86520556128246e-29
