term,estimate,std.error,statistic,p.value
(Intercept),-8.49072908324895,0.23629742354796,-35.932381131213,9.53883344136191e-283
change_meth,-0.00471359161402455,0.00812463203406664,-0.580160626876446,0.56180630252084
DMLcount,-11.6411183693724,118.194337250262,-0.0984913375733377,0.921542150132048
log10(length),1.4500635115002,0.0575953351800708,25.1767527173269,7.20078807728615e-140
log2(change_exp + 1),-0.210076454727197,0.0189336219071345,-11.0954182859243,1.32040868562683e-28
