term,estimate,std.error,statistic,p.value
(Intercept),-3.04241299565535,0.32227047822506,-9.44055754784544,3.70801032451554e-21
change_meth,0.0136201271689227,0.00670028775685523,2.03276749643888,0.0420760184345281
DMLcount,0.0678902422080313,0.0420847007905464,1.61318105945241,0.106705177160439
log10(length),0.331941288340732,0.0775851709166098,4.27841151110577,1.88231791304961e-05
log2(change_exp + 1),0.0507216404890375,0.0234751406433536,2.16065331661381,0.0307221295755615
