term,estimate,std.error,statistic,p.value
(Intercept),-3.10582069454286,0.31993740033365,-9.70758870736565,2.79879732777696e-22
change_meth,0.0148615722500645,0.00669673989023824,2.21922495029679,0.0264714244540658
log10(length),0.349171983874104,0.076840593003143,4.54410839671451,5.51682648410776e-06
log2(change_exp + 1),0.050911340639344,0.0234985400373533,2.16657462797328,0.0302673037559986
