term,estimate,std.error,statistic,p.value
(Intercept),0.2449842637762,0.368000707671761,0.665716827900001,0.505592115378255
change_meth,0.00650843457971911,0.0147592729578433,0.440972573534553,0.659232852524532
DMLcount,0.346006169157315,1.48873805104436,0.232415748972487,0.816215117883082
log10(length),-0.192697527686334,0.0901499670434195,-2.13752188720739,0.0325555674603713
log2(change_exp + 1),0.644535810750403,0.0569716390335416,11.3132748448915,1.1279926328522e-29
