term,estimate,std.error,statistic,p.value
(Intercept),0.42048385412614,0.233851884171834,1.79807768329619,0.0722713901619838
change_meth,-0.0144557527596944,0.00931083650523881,-1.552572934941,0.120637170572416
DMLcount,-0.848847906891406,0.959248542950914,-0.884909248108019,0.376280862952924
log2(change_exp + 1),0.367242383562648,0.0268725947635802,13.6660559500701,3.21372321336214e-41
log10(length),-0.164660112298068,0.0570798225044782,-2.88473413324209,0.00394709847606339
