term,estimate,std.error,statistic,p.value
(Intercept),2.66114687730299,0.386814757884445,6.8796415417479,6.00033532111671e-12
change_meth,-0.0139684211477293,0.00794830621025422,-1.75740853185908,0.0788482001119467
DMLcount,-0.0529768954570441,0.0495626186737985,-1.06888814341544,0.28512007516916
log10(length),-0.541920713098368,0.092479993510362,-5.85986971374137,4.63230461880682e-09
log2(change_exp + 1),0.181856291212307,0.0290169224942621,6.26724943860836,3.67481251245194e-10
