term,estimate,std.error,statistic,p.value
(Intercept),-0.387967000813901,0.223197682875361,-1.73822145380672,0.0822657859932607
change_meth,-0.00636092965200704,0.0045837125665986,-1.3877243739843,0.165315397886064
DMLcount,-0.00276986425235114,0.0279431214057746,-0.0991250838490337,0.921045022777161
log2(change_exp + 1),0.142597833665998,0.0168575154866614,8.45900653502758,4.00680122605576e-17
log10(length),0.241376639690779,0.0535707595943879,4.50575354014704,6.84504206289887e-06
